InvoiceHour,HourlyOrderCount,HourlySalesAmount
06,1,4.25
07,29,31059.210000000006
08,566,283660.07999999996
09,1484,989172.9009999997
10,2361,1441001.6609999998
11,2395,1226420.219999999
12,3220,1432504.1
13,2753,1249027.9100000004
14,2457,1171175.561
15,2336,1341119.7100000011
16,1335,749559.1200000001
17,667,459568.27
18,192,144513.6600000001
19,146,49589.64000000003
20,18,18639.44
